Appliances > Air Cleaners, Heating & Cooling > Accessories	1
Appliances > Air Cleaners, Heating & Cooling > Air Conditioners	2
Appliances > Air Cleaners, Heating & Cooling > Air Purifiers	3
Appliances > Air Cleaners, Heating & Cooling > Ceiling Fans	4
Appliances > Air Cleaners, Heating & Cooling > Dehumidifiers	5
Appliances > Air Cleaners, Heating & Cooling > Fans	6
Appliances > Air Cleaners, Heating & Cooling > Heaters	7
Appliances > Air Cleaners, Heating & Cooling > Humidifiers	8
Appliances > Large Kitchen Appliances > Cooktops & Ranges	9
Appliances > Large Kitchen Appliances > Dishwashers	10
Appliances > Large Kitchen Appliances > Freezers	11
Appliances > Large Kitchen Appliances > Hoods	12
Appliances > Large Kitchen Appliances > Microwave Ovens	13
Appliances > Large Kitchen Appliances > Ovens	14
Appliances > Large Kitchen Appliances > Refrigerators	15
Appliances > Large Kitchen Appliances > Trash Compactors & Disposers	16
Appliances > Large Kitchen Appliances > Wine Refrigerators	17
Appliances > Laundry > Dryers	18
Appliances > Laundry > Irons	19
Appliances > Laundry > Washer/Dryer Combos	20
Appliances > Laundry > Washers	21
Appliances > Other Appliances > Home Safety & Security	22
Appliances > Other Appliances > Sewing Machines & Accessories	23
Appliances > Other Appliances > Water Purifiers/Filters	24
Appliances > Other Appliances > Weather Stations	25
Appliances > Small Kitchen Appliances > Blenders	26
Appliances > Small Kitchen Appliances > Bread Makers	27
Appliances > Small Kitchen Appliances > Can Openers	28
Appliances > Small Kitchen Appliances > Coffee Maker Accessories	29
Appliances > Small Kitchen Appliances > Coffee Makers & Grinders	30
Appliances > Small Kitchen Appliances > Cookers	31
Appliances > Small Kitchen Appliances > Food Processors	32
Appliances > Small Kitchen Appliances > Fryers	33
Appliances > Small Kitchen Appliances > Grills	34
Appliances > Small Kitchen Appliances > Juicers	35
Appliances > Small Kitchen Appliances > Kettles	36
Appliances > Small Kitchen Appliances > Mixers	37
Appliances > Small Kitchen Appliances > Others	38
Appliances > Small Kitchen Appliances > Toaster Ovens	39
Appliances > Small Kitchen Appliances > Toasters	40
Appliances > Small Kitchen Appliances > Vacuum Sealers	41
Appliances > Vacuums > Vacuum Cleaner Accessories	42
Appliances > Vacuums > Vacuum Cleaners	43
Auto Parts > Air Intakes > Accessories	44
Auto Parts > Air Intakes > Air Filters	45
Auto Parts > Air Intakes > Cold Air Intakes	46
Auto Parts > Air Intakes > Short Ram Intakes	47
Auto Parts > Brakes > Accessories	48
Auto Parts > Brakes > Brake Pads	49
Auto Parts > Brakes > Calipers	50
Auto Parts > Brakes > Rotors & Drums	51
Auto Parts > Engine > Accessories	52
Auto Parts > Engine > Cooling	53
Auto Parts > Engine > Dress-Up	54
Auto Parts > Engine > Engine Parts	55
Auto Parts > Engine > Fuel System	56
Auto Parts > Exhaust > Accessories	57
Auto Parts > Exhaust > Catalytic Converters	58
Auto Parts > Exhaust > Downpipes & Test Pipes	59
Auto Parts > Exhaust > Exhaust Systems	60
Auto Parts > Exhaust > Headers & Manifolds	61
Auto Parts > Exhaust > Mufflers & Resonators	62
Auto Parts > Exterior Accessories > Body Kits	63
Auto Parts > Exterior Accessories > Dress-Up & Others	64
Auto Parts > Exterior Accessories > Truck & SUV	65
Auto Parts > Forced Induction > Blow Off Valves	66
Auto Parts > Forced Induction > Intercoolers	67
Auto Parts > Forced Induction > Nitrous	68
Auto Parts > Forced Induction > Turbos	69
Auto Parts > Interior Accessories > Interior Styling	70
Auto Parts > Interior Accessories > Safety Equipments	71
Auto Parts > Interior Accessories > Seats	72
Auto Parts > Motorcycle > Parts & Accessories	73
Auto Parts > Performance Electronics > Accessories	74
Auto Parts > Performance Electronics > ECU & Electronic Parts	75
Auto Parts > Performance Electronics > Gauges	76
Auto Parts > Suspension & Handling > Handling	77
Auto Parts > Suspension & Handling > Pillow Ball Suspension Arms	78
Auto Parts > Suspension & Handling > Suspensions	79
Auto Parts > Transmission & Drivetrain > Accessories	80
Auto Parts > Transmission & Drivetrain > Clutches & Flywheels	81
Auto Parts > Transmission & Drivetrain > LSD/Differentials	82
Auto Parts > Transmission & Drivetrain > Shifters	83
Auto Parts > Vehicle Lightings > Accessories	84
Auto Parts > Vehicle Lightings > Bulbs	85
Auto Parts > Vehicle Lightings > Foglights	86
Auto Parts > Vehicle Lightings > Headlights	87
Auto Parts > Vehicle Lightings > Lenses	88
Auto Parts > Vehicle Lightings > Tail Lights	89
Auto Parts > Wheels & Tires > Tires	90
Auto Parts > Wheels & Tires > Wheels	91
Babies & Kids > Activity > Play Centers & Walker	92
Babies & Kids > Activity > Playpens	93
Babies & Kids > Activity > Swings & Bouncers	94
Babies & Kids > Baby Accessories & Gift Baskets > Baby Gift Baskets	95
Babies & Kids > Baby Accessories & Gift Baskets > Monitors	96
Babies & Kids > Baby Accessories & Gift Baskets > Other Baby Gifts	97
Babies & Kids > Baby Accessories & Gift Baskets > Pacifiers	98
Babies & Kids > Baby Boy Clothing > Accessories	99
Babies & Kids > Baby Boy Clothing > Activewear/Swim	100
Babies & Kids > Baby Boy Clothing > Bottoms	101
Babies & Kids > Baby Boy Clothing > One-Pieces & Sets	102
Babies & Kids > Baby Boy Clothing > Shoes/Socks	103
Babies & Kids > Baby Boy Clothing > Sleepwear	104
Babies & Kids > Baby Boy Clothing > Tops	105
Babies & Kids > Baby Girl Clothing > Accessories	106
Babies & Kids > Baby Girl Clothing > Activewear/Swim	107
Babies & Kids > Baby Girl Clothing > Bottoms	108
Babies & Kids > Baby Girl Clothing > Dresses	109
Babies & Kids > Baby Girl Clothing > One-Pieces & Sets	110
Babies & Kids > Baby Girl Clothing > Shoes/Socks	111
Babies & Kids > Baby Girl Clothing > Sleepwear	112
Babies & Kids > Baby Girl Clothing > Tops	113
Babies & Kids > Bath & Potty > Bathing	114
Babies & Kids > Bath & Potty > Diapering	115
Babies & Kids > Bath & Potty > Potty Training	116
Babies & Kids > Boys Clothing > Accessories	117
Babies & Kids > Boys Clothing > Bottoms	118
Babies & Kids > Boys Clothing > Outerwear	119
Babies & Kids > Boys Clothing > Shoes & Socks	120
Babies & Kids > Boys Clothing > Sleepwear	121
Babies & Kids > Boys Clothing > Swim & Active Wear	122
Babies & Kids > Boys Clothing > Tops	123
Babies & Kids > Boys Clothing > Underwear	124
Babies & Kids > Car Seats > Accessories	125
Babies & Kids > Car Seats > Booster Car Seats	126
Babies & Kids > Car Seats > Convertible Car Seats	127
Babies & Kids > Car Seats > Infant Car Seats	128
Babies & Kids > Feeding > Bottle-Feeding	129
Babies & Kids > Feeding > Breast-Feeding	130
Babies & Kids > Feeding > Feeding Accessories	131
Babies & Kids > Feeding > Highchairs	132
Babies & Kids > Feeding > Solid-Feeding	133
Babies & Kids > Girls Clothing > Accessories	134
Babies & Kids > Girls Clothing > Bottoms	135
Babies & Kids > Girls Clothing > Dresses	136
Babies & Kids > Girls Clothing > Outerwear	137
Babies & Kids > Girls Clothing > Shoes & Socks	138
Babies & Kids > Girls Clothing > Sleepwear	139
Babies & Kids > Girls Clothing > Swim & Active Wear	140
Babies & Kids > Girls Clothing > Tops	141
Babies & Kids > Girls Clothing > Underwear	142
Babies & Kids > Health & Safety > Health & Baby Care	143
Babies & Kids > Health & Safety > Safety / Child Proofing	144
Babies & Kids > Nursery > Bassinets	145
Babies & Kids > Nursery > Bedding	146
Babies & Kids > Nursery > Beds	147
Babies & Kids > Nursery > Changing Tables	148
Babies & Kids > Nursery > Cradles	149
Babies & Kids > Nursery > Crib and Bedding Sets	150
Babies & Kids > Nursery > Cribs	151
Babies & Kids > Nursery > Nursery Decor	152
Babies & Kids > Nursery > Other Furniture	153
Babies & Kids > Nursery > Rockers	154
Babies & Kids > Strollers & Other Gear > Accessories	155
Babies & Kids > Strollers & Other Gear > Baby Bags & Backpacks	156
Babies & Kids > Strollers & Other Gear > Baby Carriers	157
Babies & Kids > Strollers & Other Gear > Carriages	158
Babies & Kids > Strollers & Other Gear > Joggers	159
Babies & Kids > Strollers & Other Gear > Strollers	160
Babies & Kids > Strollers & Other Gear > Travel Systems	161
Books	162
Cameras> 35mm & SLR> 35mm & SLR	163
Cameras> 35mm & SLR> Bags & Cases	164
Cameras> 35mm & SLR> Camera Accessories	165
Cameras> 35mm & SLR> Disposable Cameras	166
Cameras> 35mm & SLR> Lens Accessories	167
Cameras> 35mm & SLR> Point & Shoot	168
Cameras> 35mm & SLR> SLR Lenses	169
Cameras> 35mm & SLR> Viewfinders & Accessories	170
Cameras> APS & Instant Cameras> Bags & Cases	171
Cameras> APS & Instant Cameras> Cameras	172
Cameras> APS & Instant Cameras> Cameras Accessories	173
Cameras> Binoculars> Binocular Accessories	174
Cameras> Binoculars> Binoculars	175
Cameras> Camcorders> Bags & Cases	176
Cameras> Camcorders> Batteries & Power	177
Cameras> Camcorders> Camcorder Accessories	178
Cameras> Camcorders> Camcorders	179
Cameras> Camcorders> Lenses & Accessories	180
Cameras> Camcorders> Microphones & Accessories	181
Cameras> Camcorders> On Camera Lighting	182
Cameras> Camcorders> Video Media	183
Cameras> Darkroom> Developing & Processing	184
Cameras> Darkroom> Enlargers & Accessories	185
Cameras> Darkroom> Photo Chemicals	186
Cameras> Darkroom> Photo Enlarging Paper	187
Cameras> Darkroom> Retouching & Hand Coloring	188
Cameras> Darkroom> Safelights & Darkroom Setup	189
Cameras> Darkroom> Sink & Accessories	190
Cameras> Digital Cameras> AC/DC Adapters & Chargers	191
Cameras> Digital Cameras> Bags & Cases	192
Cameras> Digital Cameras> Cameras	193
Cameras> Digital Cameras> Digital Camera Accessories	194
Cameras> Digital Cameras> Digital Camera Batteries	195
Cameras> Digital Cameras> Flash Memory	196
Cameras> Digital Cameras> Lens Accessories	197
Cameras> Digital Cameras> SLR Lenses	198
Cameras> Film & Storage> Film Accessories	199
Cameras> Film & Storage> Flash Memory	200
Cameras> Film & Storage> Other Film Formats	201
Cameras> Film & Storage> Polaroid & Instant	202
Cameras> Film & Storage> Print	203
Cameras> Film & Storage> Slide	204
Cameras> Film & Storage> Special Application	205
Cameras> Film & Storage> Storage & Presentation	206
"Cameras> Filters & Accessories> 14x18"""	207
"Cameras> Filters & Accessories> 3x3"""	208
"Cameras> Filters & Accessories> 4x4"""	209
"Cameras> Filters & Accessories> 6x6"""	210
Cameras> Filters & Accessories> Center	211
Cameras> Filters & Accessories> Filter Accessories	212
Cameras> Filters & Accessories> Filter Holders & Accessories	213
Cameras> Filters & Accessories> Filter Sets	214
Cameras> Filters & Accessories> Panoramic	215
Cameras> Filters & Accessories> Rectangular, Vignetters & Shades	216
Cameras> Filters & Accessories> Round Threaded, Bayonet & Series	217
Cameras> Flashes> Battery Packs & Accessories	218
Cameras> Flashes> Brackets & Accessories	219
Cameras> Flashes> Built-in Slave & Accessories	220
Cameras> Flashes> Dedicated	221
Cameras> Flashes> Flash Accessories	222
Cameras> Flashes> Non-Dedicated	223
Cameras> Flashes> Ringlights & Macro	224
Cameras> General Photo Equipment> Copy & Duping	225
Cameras> General Photo Equipment> Light Meters & Accessories	226
Cameras> General Photo Equipment> Lightboxes, Loupes & Viewers	227
Cameras> General Photo Equipment> Optical Cleaning Supplies	228
Cameras> Large Format & Specialty Cameras> Cameras	229
Cameras> Large Format & Specialty Cameras> Cameras Accessories	230
Cameras> Large Format & Specialty Cameras> General Accessories	231
Cameras> Large Format & Specialty Cameras> Lens Accessories	232
Cameras> Large Format & Specialty Cameras> Lenses	233
Cameras> Large Format & Specialty Cameras> Macro & Close-Up	234
Cameras> Large Format & Specialty Cameras> Viewfinders	235
Cameras> Large Format & Specialty Cameras> Viewing Accessories	236
Cameras> Lighting> AC Power Supplies & Heads	237
Cameras> Lighting> Battery Powered Strobe	238
Cameras> Lighting> Fluorescent	239
Cameras> Lighting> HMI	240
Cameras> Lighting> Monolights & AC Strobes	241
Cameras> Lighting> Other Lighting Accessories	242
Cameras> Lighting> Tungsten	243
Cameras> Monoculars> Accessories	244
Cameras> Monoculars> Monoculars	245
Cameras> Scopes & Rangefinders> Accessories	246
Cameras> Scopes & Rangefinders> Eyepieces	247
Cameras> Scopes & Rangefinders> Rangefinders	248
Cameras> Scopes & Rangefinders> Riflescopes	249
Cameras> Scopes & Rangefinders> Spotting Scopes	250
Cameras> Telescopes & Microscopes> Astrophotography	251
Cameras> Telescopes & Microscopes> Eyepieces, Finders & Accessories	252
Cameras> Telescopes & Microscopes> Microscopes & Accessories	253
Cameras> Telescopes & Microscopes> Mounts, Drives & Accessories	254
Cameras> Telescopes & Microscopes> Other Telescope Accessories	255
Cameras> Telescopes & Microscopes> Telescopes	256
Cameras> Telescopes & Microscopes> Tripods & Accessories	257
Cameras> Tripods & Supports> Camcorder Support & Heads	258
Cameras> Tripods & Supports> Camcorder Tripod Accessories	259
Cameras> Tripods & Supports> Camera Mounts, Stands & Clamps	260
Cameras> Tripods & Supports> Camera Tripod Accessories	261
Cameras> Tripods & Supports> Monopods & Accessories	262
Cameras> Tripods & Supports> Quick Release System	263
Cameras> Tripods & Supports> Spreader & Dollies	264
Cameras> Tripods & Supports> Stabilizers & Shoulder Brackets	265
Cameras> Tripods & Supports> Tripod Heads	266
Cameras> Tripods & Supports> Tripods	267
Cameras> Underwater> 0 Rings	268
Cameras> Underwater> Camera & Lens Accessories	269
Cameras> Underwater> Cameras	270
Cameras> Underwater> Housing Accessories	271
Cameras> Underwater> Housings	272
Cameras> Underwater> Lens Accessories	273
Cameras> Underwater> Lenses	274
Cameras> Underwater> Other Underwater Equipment	275
Cameras> Underwater> Strobe Accessories	276
Cameras> Underwater> Strobes	277
Cameras> Video Equipment> CCD Accessories	278
Cameras> Video Equipment> CCD Lenses	279
Cameras> Video Equipment> General Video Accessories	280
Cameras> Video Equipment> General Video Equipment	281
Cameras> Video Equipment> Network/Surveillance Cameras	282
Cell Phones> Accessories> Carrying Cases	283
Cell Phones> Accessories> Cell Phone Batteries	284
Cell Phones> Accessories> Chargers	285
Cell Phones> Accessories> Data Connectivity	286
Cell Phones> Accessories> Face Plates	287
Cell Phones> Accessories> Hands Free Kits	288
Cell Phones> Accessories> Headsets	289
Cell Phones> Accessories> Other Accessories	290
Cell Phones> Cell Phones> All Phones	291
Cell Phones> Cell Phones> Carrier	292
Cell Phones> Cell Phones> Features	293
Cell Phones> Cell Phones> Manufacturer	294
Cell Phones> Cell Phones> Price	295
Clothing > Accessories > Adult Costumes	296
Clothing > Accessories > Sunglasses	297
Clothing > Accessories > Unisex Accessories	298
Clothing > Men's Accessories > Belts & Suspenders	299
Clothing > Men's Accessories > Gloves	300
Clothing > Men's Accessories > Hats	301
Clothing > Men's Accessories > Neckwear	302
Clothing > Men's Accessories > Umbrellas	303
Clothing > Men's Accessories > Wallets	304
Clothing > Men's Lounge & Underwear > Long Johns & Thermals	305
Clothing > Men's Lounge & Underwear > Pajamas & Robes	306
Clothing > Men's Lounge & Underwear > Slippers	307
Clothing > Men's Lounge & Underwear > Socks	308
Clothing > Men's Lounge & Underwear > Underwear	309
Clothing > Men's Outerwear > Coats	310
Clothing > Men's Outerwear > Jackets	311
Clothing > Men's Outerwear > Vests	312
Clothing > Men's Pants & Shorts > Casual Pants	313
Clothing > Men's Pants & Shorts > Dress pants	314
Clothing > Men's Pants & Shorts > Jeans	315
Clothing > Men's Pants & Shorts > Overalls	316
Clothing > Men's Pants & Shorts > Shorts	317
Clothing > Men's Shirts & Tops > Polos	318
Clothing > Men's Shirts & Tops > Shirts	319
Clothing > Men's Shirts & Tops > Sweaters	320
Clothing > Men's Shirts & Tops > Sweatshirts	321
Clothing > Men's Shirts & Tops > T-Shirt & Tank Tops	322
Clothing > Men's Shoes > Athletic	323
Clothing > Men's Shoes > Boots	324
Clothing > Men's Shoes > Casual	325
Clothing > Men's Shoes > Dress Shoes	326
Clothing > Men's Shoes > Sandals	327
Clothing > Men's Shoes > Shoe Accessories	328
Clothing > Men's Suits & Blazers > Blazers & Sports Jackets	329
Clothing > Men's Suits & Blazers > Suits	330
Clothing > Men's Suits & Blazers > Tuxedos	331
Clothing > Men's Suits & Blazers > Vests	332
Clothing > Men's Swimwear > Swim	333
Clothing > Wedding Clothing > Bridal Gloves	334
Clothing > Wedding Clothing > Bridal Handbags	335
Clothing > Wedding Clothing > Bridesmaid Gowns	336
Clothing > Wedding Clothing > Veils & Headpieces	337
Clothing > Wedding Clothing > Wedding Gowns	338
Clothing > Women's Accessories > Belts	339
Clothing > Women's Accessories > Gloves	340
Clothing > Women's Accessories > Hair Accessories	341
Clothing > Women's Accessories > Hand Bags	342
Clothing > Women's Accessories > Hats	343
Clothing > Women's Accessories > Scarves & Wraps	344
Clothing > Women's Accessories > Wallets & Cosmetic Cases	345
Clothing > Women's Bottoms > Chinos & Khakis	346
Clothing > Women's Bottoms > Jeans	347
Clothing > Women's Bottoms > Other Pants	348
Clothing > Women's Bottoms > Overalls & Jumpsuits	349
Clothing > Women's Bottoms > Shorts	350
Clothing > Women's Bottoms > Skirts	351
Clothing > Women's Dresses > Dresses	352
Clothing > Women's Intimate Clothing > Bras	353
Clothing > Women's Intimate Clothing > Hosiery	354
Clothing > Women's Intimate Clothing > Lingerie	355
Clothing > Women's Intimate Clothing > Long Underwear	356
Clothing > Women's Intimate Clothing > Panties	357
Clothing > Women's Intimate Clothing > Sleep & Lounge Wear	358
Clothing > Women's Intimate Clothing > Slippers	359
Clothing > Women's Intimate Clothing > Socks	360
Clothing > Women's Outerwear > Coats	361
Clothing > Women's Outerwear > Jackets	362
Clothing > Women's Outerwear > Vests	363
Clothing > Women's Shoes > Athletic	364
Clothing > Women's Shoes > Boots	365
Clothing > Women's Shoes > Bridal	366
Clothing > Women's Shoes > Casual Shoes	367
Clothing > Women's Shoes > Dress Shoes	368
Clothing > Women's Shoes > Sandals	369
Clothing > Women's Shoes > Shoe Accessories	370
Clothing > Women's Suits & Blazers > Blazers	371
Clothing > Women's Suits & Blazers > Pantsuits	372
Clothing > Women's Suits & Blazers > Skirt & Dress Suits	373
Clothing > Women's Swimwear > Swimwear	374
Clothing > Women's Tops > Shirts & Blouses	375
Clothing > Women's Tops > Sweaters & Knit Tops	376
Clothing > Women's Tops > Sweatshirts	377
Clothing > Women's Tops > T-Shirt & Tank Tops	378
Computers> Accessories> Cables & Adapters	379
Computers> Accessories> CD/DVD Accessories	380
Computers> Accessories> Computer Accessories	381
Computers> Accessories> Enclosures	382
Computers> Accessories> Other	383
Computers> Accessories> Rackmount Accessories	384
Computers> Accessories> Storage Media	385
Computers> Accessories> Tools & Test Equipment	386
Computers> Components> BareBone Systems	387
Computers> Components> Cases	388
Computers> Components> Cooling Fans/Heatsinks	389
Computers> Components> Motherboards	390
Computers> Components> Power Supplies	391
Computers> Components> Processor - Retail Box	392
Computers> Components> Processors - Unboxed/OEM	393
Computers> Computer Systems> Desktops	394
Computers> Computer Systems> Laptops	395
Computers> Computer Systems> Servers	396
Computers> Computer Systems> Workstations	397
Computers> Graphics Cards> Video Capture Devices	398
Computers> Graphics Cards> Video Cards	399
Computers> Input Devices> Digitizing Tablets	400
Computers> Input Devices> Input Device Accessories	401
Computers> Input Devices> Joysticks/Gamepads	402
Computers> Input Devices> Keyboards	403
Computers> Input Devices> KVMs & Switch Boxes	404
Computers> Input Devices> Mice/Trackballs	405
Computers> Laptops & Accessories> Batteries & Adapters	406
Computers> Laptops & Accessories> Carrying Cases	407
Computers> Laptops & Accessories> Docking Station	408
Computers> Laptops & Accessories> GPS Recievers	409
Computers> Laptops & Accessories> Laptop Accessories	410
Computers> Laptops & Accessories> Laptops	411
Computers> Laptops & Accessories> Network/Modem Cards	412
Computers> Laptops & Accessories> Port Replicators	413
Computers> Laptops & Accessories> Tablet PCs	414
Computers> Laptops & Accessories> Wireless Networking	415
Computers> Memory> Computer & Laptop Memory	416
Computers> Memory> Flash Memory	417
Computers> Memory> Flash Memory Readers and Accs.	418
Computers> Memory> Printer Memory	419
Computers> Modems> CRT Monitors	420
Computers> Modems> Flat Panels/LCD	421
Computers> Modems> Modem Accessories	422
Computers> Modems> Modems	423
Computers> Modems> Monitor Accessories	424
Computers> Modems> Projectors	425
Computers> Monitors> CRT Monitors	426
Computers> Monitors> Flat Panels/LCD	427
Computers> Monitors> Monitor Accessories	428
Computers> Multimedia> Digital Media Receivers	429
Computers> Multimedia> Microphones/Headsets	430
Computers> Multimedia> Other Multimedia	431
Computers> Multimedia> Soundcards	432
Computers> Multimedia> Speakers	433
Computers> Multimedia> WebCams	434
Computers> Networking> Bridges	435
Computers> Networking> Digital Media Receivers	436
Computers> Networking> DSUs and CSUs	437
Computers> Networking> Firewall & Security Devices	438
Computers> Networking> Hubs	439
Computers> Networking> Network Adapters	440
Computers> Networking> Network Storage Devices	441
Computers> Networking> Other	442
Computers> Networking> Print Servers	443
Computers> Networking> Routers	444
Computers> Networking> Switches	445
Computers> Networking> Telephony	446
Computers> Networking> Terminals	447
Computers> Networking> Transceivers	448
Computers> Networking> Wireless Networking	449
Computers> PDAs & Accessories> Cell Phones	450
Computers> PDAs & Accessories> Flash Memory	451
Computers> PDAs & Accessories> GPS Recievers	452
Computers> PDAs & Accessories> PDA Accessories	453
Computers> PDAs & Accessories> PDAs	454
Computers> Power Protection> Inverters	455
Computers> Power Protection> Line Conditioners	456
Computers> Power Protection> Other	457
Computers> Power Protection> Surge Suppressors	458
Computers> Power Protection> UPSs	459
Computers> Printers> Fax Machines	460
Computers> Printers> Ink &  Toner	461
Computers> Printers> Labeling Systems	462
Computers> Printers> Printer Accessories	463
Computers> Printers> Printer Memory	464
Computers> Printers> Printer Paper	465
Computers> Printers> Printers	466
Computers> Scanners> Scanners	467
Computers> Scanners> Scannners Accessories	468
Computers> Service and Support> Document/Literature	469
Computers> Service and Support> Service	470
Computers> Service and Support> Training/Support	471
Computers> Service and Support> Warranty	472
Computers> Storage Devices> CDR/CDRW	473
Computers> Storage Devices> CDROM	474
Computers> Storage Devices> Controllers	475
Computers> Storage Devices> Disc Duplicators	476
Computers> Storage Devices> DVD-ROM/DVD Writers	477
Computers> Storage Devices> Fiber Cards	478
Computers> Storage Devices> Flash Memory	479
Computers> Storage Devices> Floppy/Tape	480
Computers> Storage Devices> Hard Drives	481
Computers> Storage Devices> I/O Cards	482
Computers> Storage Devices> Network Storage Devices	483
Computers> Storage Devices> Tape Libraries and Autoloaders	484
Computers> Storage Devices> USB/FireWire Devices	485
Electronics> Audio Components> Audio Cables	486
Electronics> Audio Components> Cassette Decks	487
Electronics> Audio Components> CD Changers	488
Electronics> Audio Components> CD Players	489
Electronics> Audio Components> CD Recorders	490
Electronics> Audio Components> Home Theater Systems	491
Electronics> Audio Components> Mini Systems	492
Electronics> Audio Components> Receivers	493
Electronics> Audio Components> Turntables	494
Electronics> Audio Speakers> Bookshelf Speakers	495
Electronics> Audio Speakers> Center Speakers	496
Electronics> Audio Speakers> Headphones	497
Electronics> Audio Speakers> In-Wall/Ceiling Speakers	498
Electronics> Audio Speakers> Outdoor Speakers	499
Electronics> Audio Speakers> Satellite Speakers	500
Electronics> Audio Speakers> Speaker Stands/Mounts	501
Electronics> Audio Speakers> Speaker Wires	502
Electronics> Audio Speakers> Subwoofer Speakers	503
Electronics> Audio Speakers> Surround Speakers	504
Electronics> Audio Speakers> Tower Speakers	505
Electronics> Car Audio> AM/FM/Cassette Players	506
Electronics> Car Audio> Amplifiers	507
Electronics> Car Audio> Car Audio Access.	508
Electronics> Car Audio> Car Multimedia	509
Electronics> Car Audio> Car Speakers	510
Electronics> Car Audio> CD Changers	511
Electronics> Car Audio> In Dash CD/MP3 Players	512
Electronics> Car Audio> MiniDisc Players	513
Electronics> Car Audio> Satellite Tuners & Accessories	514
Electronics> Car Audio> Subwoofers	515
Electronics> GPS> Car Multimedia	516
Electronics> GPS> GPS	517
Electronics> GPS> GPS Accessories	518
Electronics> GPS> GPS Receivers	519
Electronics> Other Electronics> Antennas	520
Electronics> Other Electronics> Metal Detectors	521
Electronics> Other Electronics> Miscellaneous	522
Electronics> Other Electronics> Radar Detectors	523
Electronics> Other Electronics> Remote Controls	524
Electronics> Phones> Cell Phones	525
Electronics> Phones> Corded Phones	526
Electronics> Phones> Cordless Phones	527
Electronics> Phones> Headsets	528
Electronics> Phones> Two-Way Radio / FRS	529
Electronics> Phones> VoIP Phones	530
Electronics> Portable Audio> AM/FM/Cassette Players	531
Electronics> Portable Audio> Boomboxes	532
Electronics> Portable Audio> CD Players	533
Electronics> Portable Audio> Clock AM/FM/CD Players	534
Electronics> Portable Audio> MinDisc Players	535
Electronics> Portable Audio> MP3 Players	536
Electronics> Portable Audio> Portable Device Accessories	537
Electronics> Portable Video> DVD Players	538
Electronics> Portable Video> Handheld Televisions	539
Electronics> Portable Video> Media Players	540
Electronics> Portable Video> Portable Device Accessories	541
Electronics> Projectors / AV Equipment> AV Accessories	542
Electronics> Projectors / AV Equipment> Graphic Art & Drafting	543
Electronics> Projectors / AV Equipment> Laminating Equipment	544
Electronics> Projectors / AV Equipment> Lettering & Signage	545
Electronics> Projectors / AV Equipment> Presentation Tools	546
Electronics> Projectors / AV Equipment> Projection Screens	547
Electronics> Projectors / AV Equipment> Projectors	548
Electronics> Projectors / AV Equipment> Replacement Lamps	549
Electronics> Projectors / AV Equipment> Wall Boards	550
Electronics> Televisions> Entertainment Units	551
Electronics> Televisions> Plasma & LCD Televisions	552
Electronics> Televisions> Projection Televisions	553
Electronics> Televisions> Remote Controls	554
Electronics> Televisions> Televisions/Tube	555
Electronics> Televisions> TV Accessories & Mounts	556
Electronics> Televisions> TV/VCR/DVD Combo	557
Electronics> Video Components> Digital Video Recorders	558
Electronics> Video Components> DVD Players	559
Electronics> Video Components> DVD Recorders	560
Electronics> Video Components> Satellite Receivers & Access.	561
Electronics> Video Components> VCRs	562
Electronics> Video Components> Video Cables	563
Electronics> Video Components> Video Switchers	564
Flowers & Gourmet > Cigars & Humidors > Cigars	565
Flowers & Gourmet > Cigars & Humidors > Humidors & Accessories	566
Flowers & Gourmet > Cigars & Humidors > Pipes	567
Flowers & Gourmet > Coffees & Teas > Coffee	568
Flowers & Gourmet > Coffees & Teas > Tea	569
Flowers & Gourmet > Desserts & Sweets > Cakes	570
Flowers & Gourmet > Desserts & Sweets > Candy	571
Flowers & Gourmet > Desserts & Sweets > Chocolates	572
Flowers & Gourmet > Desserts & Sweets > Cookies	573
Flowers & Gourmet > Flowers & Plants > Flowers	574
Flowers & Gourmet > Flowers & Plants > Plants	575
Flowers & Gourmet > Gift Baskets > Fruit Baskets	576
Flowers & Gourmet > Gift Baskets > More Gift Baskets	577
Flowers & Gourmet > Gift Baskets > Wine Baskets	578
Flowers & Gourmet > Meats & Specialty Food > Beef	579
Flowers & Gourmet > Meats & Specialty Food > Cheese	580
Flowers & Gourmet > Meats & Specialty Food > Other	581
Flowers & Gourmet > Meats & Specialty Food > Pork	582
Flowers & Gourmet > Meats & Specialty Food > Poultry	583
Flowers & Gourmet > Meats & Specialty Food > Seafood	584
Flowers & Gourmet > Oils & Vinegar > Oils	585
Flowers & Gourmet > Soups & Spices > Soups	586
Flowers & Gourmet > Soups & Spices > Spices	587
Flowers & Gourmet > Soups & Spices > Vinegar	588
Flowers & Gourmet > Wine > Red	589
Flowers & Gourmet > Wines > Bubbly	590
Flowers & Gourmet > Wines > Other Wines	591
Flowers & Gourmet > Wines > White	592
Furniture > Bedroom Furniture > Armoires	593
Furniture > Bedroom Furniture > Beds	594
Furniture > Bedroom Furniture > Collections	595
Furniture > Bedroom Furniture > Dressers/Chests	596
Furniture > Bedroom Furniture > Futons, Foldables & Inflatable Beds	597
Furniture > Bedroom Furniture > Headboards/Footboards	598
Furniture > Bedroom Furniture > Mattresses	599
Furniture > Bedroom Furniture > Nightstands	600
Furniture > Entertainment Units & Books > Bookshelves	601
Furniture > Entertainment Units & Books > Entertainment Units	602
Furniture > Kitchen & Dining Room Furniture > Bar Tables, Stools & Sinks	603
Furniture > Kitchen & Dining Room Furniture > Buffets	604
Furniture > Kitchen & Dining Room Furniture > Chairs	605
Furniture > Kitchen & Dining Room Furniture > China Cabinets	606
Furniture > Kitchen & Dining Room Furniture > Collections/Sets	607
Furniture > Kitchen & Dining Room Furniture > Kitchen Cabinets & Storage	608
Furniture > Kitchen & Dining Room Furniture > Kitchen Islands/Carts	609
Furniture > Kitchen & Dining Room Furniture > Tables	610
Furniture > Kitchen & Dining Room Furniture > Trash Cans	611
Furniture > Living Room Furniture > Arm Chairs	612
Furniture > Living Room Furniture > Bean Bags	613
Furniture > Living Room Furniture > Cases & Cabinets	614
Furniture > Living Room Furniture > Chaises	615
Furniture > Living Room Furniture > Coffee Tables	616
Furniture > Living Room Furniture > Collections/Sets	617
Furniture > Living Room Furniture > Ottomans	618
Furniture > Living Room Furniture > Recliners	619
Furniture > Living Room Furniture > Rocking Chairs	620
Furniture > Living Room Furniture > Side Tables	621
Furniture > Living Room Furniture > Sofas & Accessories	622
Furniture > Outdoor Furniture > Awnings	623
Furniture > Outdoor Furniture > Benches	624
Furniture > Outdoor Furniture > Chaise Lounges	625
Furniture > Outdoor Furniture > Hammocks	626
Furniture > Outdoor Furniture > Patio Chairs, Tables & Sets	627
Furniture > Outdoor Furniture > Porch Swings	628
Furniture > Outdoor Furniture > Umbrellas	629
Health & Beauty > Bath & Body > Bath Accessories	630
Health & Beauty > Bath & Body > Body Cleansers	631
Health & Beauty > Bath & Body > Body Powders	632
Health & Beauty > Bath & Body > Body Treatments	633
Health & Beauty > Bath & Body > Gift Packs	634
Health & Beauty > Bath & Body > Massage Oils	635
Health & Beauty > Bath & Body > Mother & Baby	636
Health & Beauty > Bath & Body > Spa Appliances	637
Health & Beauty > Beauty Tools > Bags & Cases	638
Health & Beauty > Beauty Tools > Cotton & Swabs	639
Health & Beauty > Beauty Tools > Foot & Nail Tools	640
Health & Beauty > Beauty Tools > Makeup Brushes & Applicators	641
Health & Beauty > Beauty Tools > Mirrors	642
Health & Beauty > Beauty Tools > Other Beauty Tools	643
Health & Beauty > Cosmetics > Body	644
Health & Beauty > Cosmetics > Eyes:Eye Brow	645
Health & Beauty > Cosmetics > Eyes:Eye Liners	646
Health & Beauty > Cosmetics > Eyes:Eye Shadows	647
Health & Beauty > Cosmetics > Eyes:Mascara	648
Health & Beauty > Cosmetics > Eyes:R/C & Robotics	649
Health & Beauty > Cosmetics > Face:Blush	650
Health & Beauty > Cosmetics > Face:Bronzers & Highlighters	651
Health & Beauty > Cosmetics > Face:Concealers	652
Health & Beauty > Cosmetics > Face:Foundation	653
Health & Beauty > Cosmetics > Face:Powder	654
Health & Beauty > Cosmetics > Gift Packs	655
Health & Beauty > Cosmetics > Lips:Lip Gloss	656
Health & Beauty > Cosmetics > Lips:Lip Liners	657
Health & Beauty > Cosmetics > Lips:Lipsticks	658
Health & Beauty > Cosmetics > Lips:Moisturizers	659
Health & Beauty > Cosmetics > Lips:Treatments	660
Health & Beauty > Cosmetics > Nails	661
Health & Beauty > Eye & Ear Care > Contact Lens Care	662
Health & Beauty > Eye & Ear Care > Contact Lenses	663
Health & Beauty > Eye & Ear Care > Ear Care	664
Health & Beauty > Eye & Ear Care > Eye Care	665
Health & Beauty > Eye & Ear Care > Eyeglass Accessories	666
Health & Beauty > Eye & Ear Care > Eyeglasses	667
Health & Beauty > Eye & Ear Care > Reading Glasses	668
Health & Beauty > Face Care > Cleansers	669
Health & Beauty > Face Care > Exfoliants	670
Health & Beauty > Face Care > Eye Care	671
Health & Beauty > Face Care > Make-up Remover	672
Health & Beauty > Face Care > Masks	673
Health & Beauty > Face Care > Moisturizers	674
Health & Beauty > Face Care > Other Face Care	675
Health & Beauty > Face Care > Toners	676
Health & Beauty > Fragrance > Gift Packs	677
Health & Beauty > Fragrance > Men's Cologne	678
Health & Beauty > Fragrance > Unisex Cologne	679
Health & Beauty > Fragrance > Women's Perfume	680
Health & Beauty > Haircare > Conditioner	681
Health & Beauty > Haircare > Gift Packs	682
Health & Beauty > Haircare > Hair & Scalp Treatments	683
Health & Beauty > Haircare > Hair Accessories	684
Health & Beauty > Haircare > Hair Color	685
Health & Beauty > Haircare > Hair Tools	686
Health & Beauty > Haircare > Shampoo	687
Health & Beauty > Haircare > Styling Products	688
Health & Beauty > Health Monitors > Blood Pressure Monitors	689
Health & Beauty > Health Monitors > Digital Thermometers	690
Health & Beauty > Health Monitors > Heart Rate Monitors	691
Health & Beauty > Health Monitors > Home Test Kits	692
Health & Beauty > Health Monitors > Pedometers	693
Health & Beauty > Health Monitors > Scales/Body Fat Monitors	694
Health & Beauty > Medical Supplies > First Aid & Emergency Supplies	695
Health & Beauty > Medical Supplies > Medical Aids	696
Health & Beauty > Medical Supplies > Mobility Aids	697
Health & Beauty > Medical Supplies > Sleep & Snoring	698
Health & Beauty > Medical Supplies > Supports & Braces	699
Health & Beauty > Medical Supplies > Wheelchairs & Scooters	700
Health & Beauty > Medicines & Remedies > Allergy & Sinus	701
Health & Beauty > Medicines & Remedies > Cough & Cold	702
Health & Beauty > Medicines & Remedies > Diabetic	703
Health & Beauty > Medicines & Remedies > Digestion	704
Health & Beauty > Medicines & Remedies > Headaches & Migraines	705
Health & Beauty > Medicines & Remedies > Other Remedies	706
Health & Beauty > Medicines & Remedies > Pain & Fever	707
Health & Beauty > Medicines & Remedies > Prescription Drugs	708
Health & Beauty > Medicines & Remedies > Smoking Cessation	709
Health & Beauty > Nutrition & Fitness > Dietary & Weight Loss	710
Health & Beauty > Nutrition & Fitness > Portable Fitness Equipment	711
Health & Beauty > Nutrition & Fitness > Shakes, Powders & Bars	712
Health & Beauty > Nutrition & Fitness > Sports Nutrition	713
Health & Beauty > Nutrition & Fitness > Weights	714
Health & Beauty > Nutrition & Fitness > Yoga & Pilates	715
Health & Beauty > Personal Care > Deodorant	716
Health & Beauty > Personal Care > Electric Shavers & Trimmers	717
Health & Beauty > Personal Care > Electric Shavers Accessories	718
Health & Beauty > Personal Care > Electric Toothbrushes	719
Health & Beauty > Personal Care > Hair Removal Systems	720
Health & Beauty > Personal Care > Massagers & Accessories	721
Health & Beauty > Personal Care > Oral Care	722
Health & Beauty > Personal Care > Personal Products	723
Health & Beauty > Personal Care > Skincare & Razors	724
Health & Beauty > Skincare > Body Brighteners & Lighteners	725
Health & Beauty > Skincare > Body Firmers & Shapers	726
Health & Beauty > Skincare > Body Moisturizers & Lotions	727
Health & Beauty > Skincare > Foot & Hands	728
Health & Beauty > Skincare > Other Skin Care	729
Health & Beauty > Skincare > Sun Protection & Tanning	730
Health & Beauty > Vitamins & Supplements > Herbs	731
Health & Beauty > Vitamins & Supplements > Minerals	732
Health & Beauty > Vitamins & Supplements > Supplements	733
Health & Beauty > Vitamins & Supplements > Vitamins	734
Indoor Living > Automotive Tools > Floor Jacks & Stands	735
Indoor Living > Automotive Tools > Mechanics Tools	736
Indoor Living > Automotive Tools > Workbenches & Tool Storage	737
Indoor Living > Bath Remodeling > Bath & Sink Accessories	738
Indoor Living > Bath Remodeling > Faucets	739
Indoor Living > Bath Remodeling > Mirrors	740
Indoor Living > Bath Remodeling > Showerheads & Accessories	741
Indoor Living > Bath Remodeling > Sinks	742
Indoor Living > Bath Remodeling > Toilets	743
Indoor Living > Bath Remodeling > Towel Holders	744
Indoor Living > Bath Remodeling > Tubs	745
Indoor Living > Bathroom > Bath Accessories	746
Indoor Living > Bathroom > Bath Rugs	747
Indoor Living > Bathroom > Hampers	748
Indoor Living > Bathroom > Shower Curtains & Accessories	749
Indoor Living > Bathroom > Towels	750
Indoor Living > Bedroom > Bedskirts	751
Indoor Living > Bedroom > Bedspreads	752
Indoor Living > Bedroom > Blankets	753
Indoor Living > Bedroom > Collections	754
Indoor Living > Bedroom > Comforters	755
Indoor Living > Bedroom > Duvets	756
Indoor Living > Bedroom > Pillowcases/Shams	757
Indoor Living > Bedroom > Pillows	758
Indoor Living > Bedroom > Quilts	759
Indoor Living > Bedroom > Sheets	760
Indoor Living > Bedroom > Throws	761
Indoor Living > Birds > Accessories	762
Indoor Living > Birds > Cages	763
Indoor Living > Birds > Feeders	764
Indoor Living > Birds > Food	765
Indoor Living > Birds > Perches/Stands	766
Indoor Living > Birds > Toys	767
Indoor Living > Cats > Accessories	768
Indoor Living > Cats > Collars	769
Indoor Living > Cats > Food	770
Indoor Living > Cats > Houses	771
Indoor Living > Cats > Litter Boxes	772
Indoor Living > Cats > Pharmaceuticals	773
Indoor Living > Cats > Scratching Posts	774
Indoor Living > Cats > Toys	775
Indoor Living > Construction & Remodeling > Building Supplies	776
Indoor Living > Construction & Remodeling > Electrical	777
Indoor Living > Construction & Remodeling > Flooring	778
Indoor Living > Construction & Remodeling > Hardware	779
Indoor Living > Construction & Remodeling > Painting Supplies	780
Indoor Living > Construction & Remodeling > Plumbing	781
Indoor Living > Cookware > Casseroles	782
Indoor Living > Cookware > Cookware Sets	783
Indoor Living > Cookware > Fondue Sets	784
Indoor Living > Cookware > French & Dutch Ovens	785
Indoor Living > Cookware > Pans	786
Indoor Living > Cookware > Poachers	787
Indoor Living > Cookware > Pots	788
Indoor Living > Cookware > Roasters	789
Indoor Living > Cookware > Skillets	790
Indoor Living > Cookware > Woks	791
Indoor Living > Dogs > Accessories	792
Indoor Living > Dogs > Beds	793
Indoor Living > Dogs > Bones	794
Indoor Living > Dogs > Clothes	795
Indoor Living > Dogs > Collars	796
Indoor Living > Dogs > Food	797
Indoor Living > Dogs > Houses	798
Indoor Living > Dogs > Leashes	799
Indoor Living > Dogs > Pharmaceuticals	800
Indoor Living > Dogs > Toys	801
Indoor Living > Fish > Aquarium Decor	802
Indoor Living > Fish > Aquariums	803
Indoor Living > Fish > Chemicals/Additives	804
Indoor Living > Fish > Filters	805
Indoor Living > Fish > Food	806
Indoor Living > Fish > Nets	807
Indoor Living > Fish > Pebbles/Gravel	808
Indoor Living > Fish > Pumps	809
Indoor Living > Furnishings > Picture Frames	810
Indoor Living > Furnishings > Rugs & Tapestry	811
Indoor Living > Hand Tools & Metrics > Gripping Tools	812
Indoor Living > Hand Tools & Metrics > Hand Boring Tools	813
Indoor Living > Hand Tools & Metrics > Hand Cutting Tools	814
Indoor Living > Hand Tools & Metrics > Hand Fastening Tools	815
Indoor Living > Hand Tools & Metrics > Hand Finishing Tools	816
Indoor Living > Hand Tools & Metrics > Impact Tools	817
Indoor Living > Hand Tools & Metrics > Measuring Tools	818
Indoor Living > Holiday Decor > Artificial Christmas Trees	819
Indoor Living > Holiday D?cor > Artificial Christmas Trees	820
Indoor Living > Holiday Decor > Christmas Decorations & Figurines	821
Indoor Living > Holiday D?cor > Christmas Decorations & Figurines	822
Indoor Living > Holiday Decor > Christmas Tree Decorations	823
Indoor Living > Holiday D?cor > Christmas Tree Decorations	824
Indoor Living > Holiday Decor > Christmas Wreathes	825
Indoor Living > Holiday D?cor > Christmas Wreathes	826
Indoor Living > Holiday D?cor > Halloween Decor	827
Indoor Living > Holiday Decor > Hanukkah	828
Indoor Living > Holiday Decor > Thanksgiving	829
Indoor Living > Home Decor > Candles & Candlesticks	830
Indoor Living > Home Decor > Clocks	831
Indoor Living > Home Decor > Figurines	832
Indoor Living > Home Decor > Fountains	833
Indoor Living > Home Decor > Others	834
Indoor Living > Home Decor > Racks	835
Indoor Living > Home Decor > Thermometers	836
Indoor Living > Home Decor > Vases, Dishes & Bowls	837
Indoor Living > Home Decor > Wall Decor	838
Indoor Living > Kitchen > Bakeware	839
Indoor Living > Kitchen > Barware	840
Indoor Living > Kitchen > Cutlery	841
Indoor Living > Kitchen > Kitchen Apparel	842
Indoor Living > Kitchen > Kitchen Tools	843
Indoor Living > Kitchen > Teapots	844
Indoor Living > Kitchen Remodeling > Faucets	845
Indoor Living > Kitchen Remodeling > Kitchen Accessories	846
Indoor Living > Kitchen Remodeling > Sinks	847
Indoor Living > Lighting > Accessories	848
Indoor Living > Lighting > Bathroom Lighting	849
Indoor Living > Lighting > Ceiling Lighting	850
Indoor Living > Lighting > Chandeliers	851
Indoor Living > Lighting > Desk & Table Lamps	852
Indoor Living > Lighting > Floor Lamps	853
Indoor Living > Lighting > Outdoor Lighting	854
Indoor Living > Lighting > Sconces & Wall Lamps	855
Indoor Living > Luggage > Backpacks	856
Indoor Living > Luggage > Carry Ons & Totes	857
Indoor Living > Luggage > Cases	858
Indoor Living > Luggage > Duffle & Garment Bags	859
Indoor Living > Luggage > Luggage	860
Indoor Living > Luggage > Travel Accessories	861
Indoor Living > Party Supplies > Balloons & Decorations	862
Indoor Living > Party Supplies > Cards & Invitations	863
Indoor Living > Party Supplies > Favors & Gifts	864
Indoor Living > Party Supplies > Games & Toys	865
Indoor Living > Party Supplies > Gift Cards & Certificates	866
Indoor Living > Party Supplies > Lights	867
Indoor Living > Party Supplies > Party Bags	868
Indoor Living > Party Supplies > Party Packs	869
Indoor Living > Party Supplies > Tableware	870
Indoor Living > Party Supplies > Wedding D?cor	871
Indoor Living > Party Supplies > Wedding Gifts & Favors	872
Indoor Living > Power Tools > Air Power Tools	873
Indoor Living > Power Tools > Cordless Power Tools	874
Indoor Living > Power Tools > Generators	875
Indoor Living > Power Tools > Power Boring Tools	876
Indoor Living > Power Tools > Power Cutting Tools	877
Indoor Living > Power Tools > Power Fastening Tools	878
Indoor Living > Power Tools > Power Tools Accessories	879
Indoor Living > Power Tools > Shaping & Finishing Tools	880
Indoor Living > Power Tools > Soldering & Welding Tools	881
Indoor Living > Prints & Posters > Art	882
Indoor Living > Prints & Posters > Celebrities	883
Indoor Living > Prints & Posters > Children	884
Indoor Living > Prints & Posters > Comedy	885
Indoor Living > Prints & Posters > Frame Art	886
Indoor Living > Prints & Posters > Motivational	887
Indoor Living > Prints & Posters > Others	888
Indoor Living > Prints & Posters > Scenic	889
Indoor Living > Prints & Posters > Sports	890
Indoor Living > Reptiles > Accessories	891
Indoor Living > Reptiles > Dishes	892
Indoor Living > Reptiles > Food	893
Indoor Living > Reptiles > Heat Lamps/Rocks	894
Indoor Living > Reptiles > Ornaments/Decorations	895
Indoor Living > Small Pets > Accessories	896
Indoor Living > Small Pets > Food	897
Indoor Living > Small Pets > Hamster Trails	898
Indoor Living > Small Pets > Houses	899
Indoor Living > Small Pets > Toys/Wheels	900
Indoor Living > Small Pets > Water Bottles	901
Indoor Living > Tableware > Bowls	902
Indoor Living > Tableware > Dinnerware Sets	903
Indoor Living > Tableware > Dishes & Plates	904
Indoor Living > Tableware > Drinkware	905
Indoor Living > Tableware > Flatware	906
Indoor Living > Tableware > Linens	907
Indoor Living > Window Coverings > Blinds	908
Indoor Living > Window Coverings > Collections	909
Indoor Living > Window Coverings > Draperies & Curtains	910
Indoor Living > Window Coverings > Panels	911
Indoor Living > Window Coverings > Rods & Accessories	912
Indoor Living > Window Coverings > Shades	913
Indoor Living > Window Coverings > Valances & Treatments	914
Jewelry & Watches > Body Jewelry > Anklets	915
Jewelry & Watches > Body Jewelry > Belly Button	916
Jewelry & Watches > Body Jewelry > Other Body	917
Jewelry & Watches > Body Jewelry > Toe Rings	918
Jewelry & Watches > Engagement & Wedding > Engagement Rings	919
Jewelry & Watches > Engagement & Wedding > Wedding Accessories	920
Jewelry & Watches > Engagement & Wedding > Wedding/Bridal Bands	921
Jewelry & Watches > Fine Jewelry > Bracelets	922
Jewelry & Watches > Fine Jewelry > Brooches and Pins	923
Jewelry & Watches > Fine Jewelry > Earrings	924
Jewelry & Watches > Fine Jewelry > Lockets	925
Jewelry & Watches > Fine Jewelry > Necklaces	926
Jewelry & Watches > Fine Jewelry > Pendants	927
Jewelry & Watches > Fine Jewelry > Rings	928
Jewelry & Watches > Fine Jewelry > Sets	929
Jewelry & Watches > Loose Diamonds > 0.01 - 0.50 Carat	930
Jewelry & Watches > Loose Diamonds > 0.50 - 0.70 Carat	931
Jewelry & Watches > Loose Diamonds > 0.70 - 1.00 Carat	932
Jewelry & Watches > Loose Diamonds > 1.00 - 1.10 Carat	933
Jewelry & Watches > Loose Diamonds > 1.10 - 1.50 Carat	934
Jewelry & Watches > Loose Diamonds > 1.50 - 2.00 Carat	935
Jewelry & Watches > Loose Diamonds > 2.00 - 2.50 Carat	936
Jewelry & Watches > Loose Diamonds > 2.50 - 3.00 Carat	937
Jewelry & Watches > Loose Diamonds > 3.00 - 3.50 Carat	938
Jewelry & Watches > Loose Diamonds > 3.50 - 4.00 Carat	939
Jewelry & Watches > Men's Jewelry & Accessories > Cuff Links	940
Jewelry & Watches > Men's Jewelry & Accessories > Money Clips	941
Jewelry & Watches > Men's Jewelry & Accessories > Shirt Studs	942
Jewelry & Watches > Men's Jewelry & Accessories > Tie Accessories	943
Jewelry & Watches > Miscellaneous Jewelry > Beads & Accessories	944
Jewelry & Watches > Miscellaneous Jewelry > Charms and Enhancers	945
Jewelry & Watches > Miscellaneous Jewelry > Italian Charms	946
Jewelry & Watches > Miscellaneous Jewelry > Jewelry Boxes	947
Jewelry & Watches > Miscellaneous Jewelry > Miscellaneous	948
Jewelry & Watches > Miscellaneous Jewelry > Religious	949
Jewelry & Watches > Watches & Accessories > Misc. Watches	950
Jewelry & Watches > Watches & Accessories > Pendant Watches	951
Jewelry & Watches > Watches & Accessories > Pocket Watches	952
Jewelry & Watches > Watches & Accessories > Watch Accessories	953
Jewelry & Watches > Watches & Accessories > Watch Bands	954
Jewelry & Watches > Watches & Accessories > Watches	955
Magazines > Arts, Culture & History	956
Magazines > Auto & Motorcycles	957
Magazines > Business & Finance	958
Magazines > Childrens, Teens & Families	959
Magazines > Comics, Collectibles & Hobbies	960
Magazines > Electronics & Technology	961
Magazines > Entertainment	962
Magazines > Home, Gardening & Food	963
Magazines > Men's & Women's Interests	964
Magazines > News, Politics & Newspapers	965
Magazines > Sports & Outdoors	966
Movies > Action/Adventure	967
Movies > Childrens	968
Movies > Comedies	969
Movies > Dramas	970
Movies > Education/General Interest	971
Movies > Foreign Films	972
Movies > Horror/Suspense	973
Movies > Musical & Performing Arts	974
Movies > Religious	975
Movies > Science-Fiction/Fantasy	976
Movies > Sports/Recreation	977
Movies > Television	978
Movies > Westerns	979
Musical Instruments > Amplifiers > Accessories	980
Musical Instruments > Amplifiers > Bass Amps	981
Musical Instruments > Amplifiers > Cabinets & Heads	982
Musical Instruments > Amplifiers > Guitar Amps	983
Musical Instruments > Amplifiers > Keyboard Amps	984
Musical Instruments > Amplifiers > Other Amps	985
Musical Instruments > Brass > Accessories	986
Musical Instruments > Brass > Cornets	987
Musical Instruments > Brass > Euphoniums, Baritones & Alto Horns	988
Musical Instruments > Brass > Flugelhorns	989
Musical Instruments > Brass > French Horns & Mellophones	990
Musical Instruments > Brass > Trombones	991
Musical Instruments > Brass > Trumpets	992
Musical Instruments > Brass > Tubas & Sousaphones	993
Musical Instruments > Classroom Music > Accessories	994
Musical Instruments > Classroom Music > Other Classroom Instruments	995
Musical Instruments > Classroom Music > Recorders & Wind Instruments	996
Musical Instruments > DJ & Lighting > Accessories	997
Musical Instruments > DJ & Lighting > Audio & Video Effects	998
Musical Instruments > DJ & Lighting > DJ CD Players	999
Musical Instruments > DJ & Lighting > DJ Headphones	1000
Musical Instruments > DJ & Lighting > DJ Packages	1001
Musical Instruments > DJ & Lighting > DJ Turntables	1002
Musical Instruments > DJ & Lighting > Lighting Equipment	1003
Musical Instruments > DJ & Lighting > Mixers	1004
Musical Instruments > Drums & Percussion > Accessories	1005
Musical Instruments > Drums & Percussion > Classroom Percussion	1006
Musical Instruments > Drums & Percussion > Cymbals & Gongs	1007
Musical Instruments > Drums & Percussion > Drum Kits	1008
Musical Instruments > Drums & Percussion > Drums	1009
Musical Instruments > Drums & Percussion > Latin & World Percussion	1010
Musical Instruments > Drums & Percussion > Marching Drums	1011
Musical Instruments > Drums & Percussion > Tuned Percussion	1012
Musical Instruments > Guitars > Accessories	1013
Musical Instruments > Guitars > Acoustic Guitars	1014
Musical Instruments > Guitars > Bass Guitars	1015
Musical Instruments > Guitars > Effects	1016
Musical Instruments > Guitars > Electric Guitars	1017
Musical Instruments > Guitars > Strings	1018
Musical Instruments > Keyboards & Pianos > Accessories	1019
Musical Instruments > Keyboards & Pianos > Digital Pianos	1020
Musical Instruments > Keyboards & Pianos > Portable Keyboards	1021
Musical Instruments > Keyboards & Pianos > Synthesizers	1022
Musical Instruments > Keyboards & Pianos > Traditional Pianos	1023
Musical Instruments > Live Sound > Accessories	1024
Musical Instruments > Live Sound > Karaoke	1025
Musical Instruments > Live Sound > Microphone Preamps	1026
Musical Instruments > Live Sound > PA Systems	1027
Musical Instruments > Live Sound > Power Conditioners	1028
Musical Instruments > Live Sound > Speakers	1029
Musical Instruments > Live Sound > Wireless Systems	1030
Musical Instruments > Recording > Accessories	1031
Musical Instruments > Recording > Microphones	1032
Musical Instruments > Recording > Mixers & Accessories	1033
Musical Instruments > Recording > Recorders	1034
Musical Instruments > Recording > Recording Software	1035
Musical Instruments > Recording > Sequencers & Samplers	1036
Musical Instruments > Recording > Signal Processors	1037
Musical Instruments > Recording > Studio Amps	1038
Musical Instruments > Recording > Studio Monitors	1039
Musical Instruments > String Instruments > Accessories	1040
Musical Instruments > String Instruments > Banjos	1041
Musical Instruments > String Instruments > Cellos	1042
Musical Instruments > String Instruments > Mandolins	1043
Musical Instruments > String Instruments > Other Instruments	1044
Musical Instruments > String Instruments > Ukuleles	1045
Musical Instruments > String Instruments > Upright Basses	1046
Musical Instruments > String Instruments > Violas	1047
Musical Instruments > String Instruments > Violins	1048
Musical Instruments > Woodwinds > Accessories	1049
Musical Instruments > Woodwinds > Bassoons	1050
Musical Instruments > Woodwinds > Clarinets	1051
Musical Instruments > Woodwinds > Flutes & Piccolos	1052
Musical Instruments > Woodwinds > Oboes & English Horns	1053
Musical Instruments > Woodwinds > Reeds	1054
Musical Instruments > Woodwinds > Saxophones	1055
Office> Breakroom, Janitorial & Safety>Batteries & Safety Supplies	1056
Office> Breakroom, Janitorial & Safety>Breakroom Supplies	1057
Office> Breakroom, Janitorial & Safety>Cleaning Products	1058
Office> Breakroom, Janitorial & Safety>Hardware	1059
Office> Breakroom, Janitorial & Safety>Janitorial Supplies	1060
Office> Breakroom, Janitorial & Safety>Signs	1061
Office> Business Cases>Card Holders	1062
Office> Business Cases>Catalog & Sample Cases	1063
Office> Business Cases>Portfolios & Briefcases	1064
Office> Business Cases>Ringfolios & Pad Holders	1065
Office> Calendars & Planners>Address Books & Files	1066
Office> Calendars & Planners>Appointment Planners	1067
Office> Calendars & Planners>Calendars & Wall Planners	1068
Office> Calendars & Planners>Organizer Books w/Fillers	1069
Office> Calendars & Planners>Organizer Books w/o Fillers	1070
Office> Calendars & Planners>Organizer Refills & Access.	1071
Office> Copier & Fax Machines>Copiers	1072
Office> Copier & Fax Machines>Fax & Copier Supplies	1073
Office> Copier & Fax Machines>Fax Machines	1074
Office> Copier & Fax Machines>Fax Paper	1075
Office> Office Furniture>Bookcases & Shelving	1076
Office> Office Furniture>Carts & Stands	1077
Office> Office Furniture>Chairs	1078
Office> Office Furniture>Desk Collections	1079
Office> Office Furniture>File & Storage Cabinets	1080
Office> Office Furniture>Lamps & Light Bulbs	1081
Office> Office Furniture>Office Furnishings	1082
Office> Office Furniture>Panel Systems	1083
Office> Office Furniture>Tables	1084
Office> Office Furniture>Workstations	1085
Office> Office Machines>Binding Equipment	1086
Office> Office Machines>Calculators	1087
Office> Office Machines>Cash Registers	1088
Office> Office Machines>Electronic Dictionaries	1089
Office> Office Machines>Miscellaneous	1090
Office> Office Machines>Paper Shredders	1091
Office> Office Machines>Pricing Systems	1092
Office> Office Machines>Printers	1093
Office> Office Machines>Recorders, Transcribers & Tapes	1094
Office> Office Machines>Time Clocks/Recorders	1095
Office> Office Machines>Typewriters & Word Processors	1096
Office> Organizing Systems>Binder Accessories	1097
Office> Organizing Systems>Binders	1098
Office> Organizing Systems>Covers & Portfolios	1099
Office> Organizing Systems>File Folders	1100
Office> Organizing Systems>Files & Boxes	1101
Office> Organizing Systems>Index Cards	1102
Office> Organizing Systems>Indexes, Tabs & Dividers	1103
Office> Organizing Systems>Literature Holders	1104
Office> Paper, Forms, Envelopes>Blank Card Products	1105
Office> Paper, Forms, Envelopes>Business Forms	1106
Office> Paper, Forms, Envelopes>Envelopes	1107
Office> Paper, Forms, Envelopes>Miscellaneous	1108
Office> Paper, Forms, Envelopes>Paper	1109
Office> Paper, Forms, Envelopes>Paper Rolls	1110
Office> Paper, Forms, Envelopes>Recordkeeping	1111
Office> Paper, Forms, Envelopes>Writing Pads, Notebooks & Clipboards	1112
Office> Projectors & AV Equipment>AV Accessories	1113
Office> Projectors & AV Equipment>Graphic Art & Drafting	1114
Office> Projectors & AV Equipment>Laminating Equipment	1115
Office> Projectors & AV Equipment>Lettering & Signage	1116
Office> Projectors & AV Equipment>Presentation Tools	1117
Office> Projectors & AV Equipment>Projection Screens	1118
Office> Projectors & AV Equipment>Projectors	1119
Office> Projectors & AV Equipment>Replacement Lamps	1120
Office> Projectors & AV Equipment>Wall Boards	1121
Office> School Supplies>Craft Materials	1122
Office> School Supplies>Drafting Supplies	1123
Office> School Supplies>Miscellaneous	1124
Office> School Supplies>Paper & Notebooks	1125
Office> School Supplies>Teaching Aids	1126
Office> Supplies & Labels>Cash Handling	1127
Office> Supplies & Labels>Correction Fluid & Tape	1128
Office> Supplies & Labels>Fasteners	1129
Office> Supplies & Labels>Labels	1130
Office> Supplies & Labels>Mailroom Supplies	1131
Office> Supplies & Labels>Message Pads	1132
Office> Supplies & Labels>Scissors, Rulers & Trimmers	1133
Office> Supplies & Labels>Stamps & Stamp Pads	1134
Office> Supplies & Labels>Staplers & Access.	1135
Office> Supplies & Labels>Tape & Adhesives	1136
Office> Writing Instruments>Brushes and Paints	1137
Office> Writing Instruments>Colored Pencils and Crayons	1138
Office> Writing Instruments>Erasers	1139
Office> Writing Instruments>Fine Writing Instruments	1140
Office> Writing Instruments>Markers & Highlighters	1141
Office> Writing Instruments>Pencil Sharpeners	1142
Office> Writing Instruments>Pencils	1143
Office> Writing Instruments>Pens	1144
Outdoor Living > Barbecue & Patio > Barbecue Accessories	1145
Outdoor Living > Barbecue & Patio > Barbecue Grills	1146
Outdoor Living > Barbecue & Patio > Patio Heaters	1147
Outdoor Living > Gardening & Nursery > Flowers, Plants, & Trees	1148
Outdoor Living > Gardening & Nursery > Garden & Lawn Treatments	1149
Outdoor Living > Gardening & Nursery > Garden Apparel	1150
Outdoor Living > Gardening & Nursery > Garden Decor	1151
Outdoor Living > Gardening & Nursery > Gardening Tools & Accessories	1152
Outdoor Living > Gardening & Nursery > Lawn Equipment & Accessories	1153
Outdoor Living > Gardening & Nursery > Planters & Pottery	1154
Outdoor Living > Gardening & Nursery > Sprinkler Systems	1155
Outdoor Living > Pool & Spa Supplies > Accessories	1156
Outdoor Living > Pool & Spa Supplies > Covers	1157
Outdoor Living > Pool & Spa Supplies > Filters & Pumps	1158
Outdoor Living > Pool & Spa Supplies > Floats & Loungers	1159
Outdoor Living > Pool & Spa Supplies > Heaters	1160
Outdoor Living > Pool & Spa Supplies > Ladders & Slides	1161
Outdoor Living > Pool & Spa Supplies > Liners	1162
Outdoor Living > Pool & Spa Supplies > Pool & Spa Packages	1163
Outdoor Living > Pool & Spa Supplies > R/C & Robotics	1164
Outdoor Living > Pool & Spa Supplies > Saunas & Wide Tables	1165
Software> Business Productivity> Business/Personal Management	1166
Software> Business Productivity> Database Management	1167
Software> Business Productivity> Financial & Legal	1168
Software> Business Productivity> Software Suites	1169
Software> Business Productivity> Spreadsheet	1170
Software> Business Productivity> Word Processing	1171
Software> Communications> Data & Fax	1172
Software> Communications> Groupware	1173
Software> Communications> Networking and Connectivity	1174
Software> Communications> Telephony	1175
Software> Design & Multimedia> Audio/Video Utilities	1176
Software> Design & Multimedia> Engineering/Home Design	1177
Software> Design & Multimedia> Graphics & Publishing	1178
Software> Games> Computer Games	1179
Software> Games> Joysticks/Gamepads	1180
Software> Operating System> DOS	1181
Software> Operating System> Linux/Unix	1182
Software> Operating System> Mac OS	1183
Software> Operating System> Misc. Netwroking	1184
Software> Operating System> NetWare	1185
Software> Operating System> NetWare Add Ons	1186
Software> Operating System> Other OS	1187
Software> Operating System> Windows	1188
Software> Programming & Development> Misc. Programming	1189
Software> Reference & Eductaion> Education	1190
Software> Reference & Eductaion> Reference	1191
Software> Utilities> Anti-Virus	1192
Software> Utilities> Backup Utility	1193
Software> Utilities> Other Utilities	1194
Software> Utilities> Security	1195
Software> Utilities> System Utilities	1196
Sporting Goods > Baseball & Softball (268) > Memorabilia (1777)	1197
Sporting Goods > Baseball & Softball > Baseballs	1198
Sporting Goods > Baseball & Softball > Bats	1199
Sporting Goods > Baseball & Softball > Clothing	1200
Sporting Goods > Baseball & Softball > Field Accessories	1201
Sporting Goods > Baseball & Softball > Gloves	1202
Sporting Goods > Baseball & Softball > Memorabilia	1203
Sporting Goods > Baseball & Softball > Protective Equipment	1204
Sporting Goods > Baseball & Softball > Softballs	1205
Sporting Goods > Basketball > Backboard Systems	1206
Sporting Goods > Basketball > Basketballs	1207
Sporting Goods > Basketball > Clothing	1208
Sporting Goods > Basketball > Memorabilia	1209
Sporting Goods > Basketball > Rim & Court Accessories	1210
Sporting Goods > Bicycles & Scooters > Bicycles	1211
Sporting Goods > Bicycles & Scooters > Clothing	1212
Sporting Goods > Bicycles & Scooters > Helmets	1213
Sporting Goods > Bicycles & Scooters > Hydration Packs	1214
Sporting Goods > Bicycles & Scooters > Parts & Accessories	1215
Sporting Goods > Bicycles & Scooters > Racks & Storage	1216
Sporting Goods > Bicycles & Scooters > Scooters	1217
Sporting Goods > Bowling > Balls	1218
Sporting Goods > Bowling > Gloves & Accessories	1219
Sporting Goods > Boxing & Martial Arts > Accessories	1220
Sporting Goods > Boxing & Martial Arts > Bag Sets	1221
Sporting Goods > Boxing & Martial Arts > Protective Gear	1222
Sporting Goods > Camping > Accessories	1223
Sporting Goods > Camping > Climbing	1224
Sporting Goods > Camping > Cookware & Tableware	1225
Sporting Goods > Camping > Coolers	1226
Sporting Goods > Camping > Flashlights	1227
Sporting Goods > Camping > Knives & Tools	1228
Sporting Goods > Camping > Sleeping Bags	1229
Sporting Goods > Camping > Tents	1230
Sporting Goods > Cricket > Balls	1231
Sporting Goods > Cricket > Bats	1232
Sporting Goods > Cricket > Protective Equipment	1233
Sporting Goods > Equestrian > Grooming & Stable Supplies	1234
Sporting Goods > Equestrian > Health	1235
Sporting Goods > Equestrian > Horse Tack	1236
Sporting Goods > Equestrian > Riding Apparel	1237
Sporting Goods > Equestrian > Saddle Accessories	1238
Sporting Goods > Equestrian > Saddles	1239
Sporting Goods > Fishing > Belts & Harnesses	1240
Sporting Goods > Fishing > Fishing Line	1241
Sporting Goods > Fishing > Flies & Lures	1242
Sporting Goods > Fishing > Reels	1243
Sporting Goods > Fishing > Rod & Reel Combos	1244
Sporting Goods > Fishing > Rods	1245
Sporting Goods > Fishing > Tackle Boxes	1246
Sporting Goods > Fishing > Tools	1247
Sporting Goods > Fitness Equipment > Exercise Bikes	1248
Sporting Goods > Fitness Equipment > Home Gym	1249
Sporting Goods > Fitness Equipment > Portable Fitness Equipment	1250
Sporting Goods > Fitness Equipment > Stair Climbers & Crosstrainers	1251
Sporting Goods > Fitness Equipment > Treadmills	1252
Sporting Goods > Fitness Equipment > Weights	1253
Sporting Goods > Fitness Equipment > Yoga & Pilates	1254
Sporting Goods > Football > Accessories	1255
Sporting Goods > Football > Clothing	1256
Sporting Goods > Football > Footballs	1257
Sporting Goods > Football > Gloves	1258
Sporting Goods > Football > Memorabilia	1259
Sporting Goods > Football > Other Protective Pads	1260
Sporting Goods > Football > Shoulder Pads	1261
Sporting Goods > Golf > Accessories	1262
Sporting Goods > Golf > Bags	1263
Sporting Goods > Golf > Balls	1264
Sporting Goods > Golf > Carts	1265
Sporting Goods > Golf > Clothing	1266
Sporting Goods > Golf > Club Sets	1267
Sporting Goods > Golf > Memorabilia	1268
Sporting Goods > Golf > Practice & Training	1269
Sporting Goods > Golf > Single Clubs	1270
Sporting Goods > Hockey > Balls & Pucks	1271
Sporting Goods > Hockey > Clothing	1272
Sporting Goods > Hockey > Goals	1273
Sporting Goods > Hockey > Helmets	1274
Sporting Goods > Hockey > Ice Skates	1275
Sporting Goods > Hockey > Memorabilia	1276
Sporting Goods > Hockey > Protective Equipment	1277
Sporting Goods > Hockey > Sticks	1278
Sporting Goods > Hunting > Accessories	1279
Sporting Goods > Hunting > Archery	1280
Sporting Goods > Hunting > Game Calls, Scents & Lures	1281
Sporting Goods > Hunting > Gun Care	1282
Sporting Goods > Hunting > Tools	1283
Sporting Goods > Indoor Games > Billiards	1284
Sporting Goods > Indoor Games > Darts	1285
Sporting Goods > Indoor Games > Foosball	1286
Sporting Goods > Indoor Games > Other Games	1287
Sporting Goods > Indoor Games > Poker & Other Card Games	1288
Sporting Goods > Indoor Games > Table Hockey	1289
Sporting Goods > Indoor Games > Table Tennis	1290
Sporting Goods > Lacrosse > Accessories	1291
Sporting Goods > Lacrosse > Balls	1292
Sporting Goods > Lacrosse > Helmets	1293
Sporting Goods > Lacrosse > Protective Equipment	1294
Sporting Goods > Lacrosse > Sticks	1295
Sporting Goods > NASCAR > Clothing	1296
Sporting Goods > NASCAR > Memorabilia	1297
Sporting Goods > NCAA > Atlantic Coast > Boston College	1298
Sporting Goods > NCAA > Atlantic Coast > Clemson University	1299
Sporting Goods > NCAA > Atlantic Coast > Duke University	1300
Sporting Goods > NCAA > Atlantic Coast > Florida State University	1301
Sporting Goods > NCAA > Atlantic Coast > Georgia Tech	1302
Sporting Goods > NCAA > Atlantic Coast > North Carolina State University	1303
Sporting Goods > NCAA > Atlantic Coast > University of Maryland	1304
Sporting Goods > NCAA > Atlantic Coast > University of Miami	1305
Sporting Goods > NCAA > Atlantic Coast > University of North Carolina	1306
Sporting Goods > NCAA > Atlantic Coast > University of Virginia	1307
Sporting Goods > NCAA > Atlantic Coast > Virginia Tech	1308
Sporting Goods > NCAA > Atlantic Coast > Wake Forest University	1309
Sporting Goods > NCAA > Big East > Rutgers University	1310
Sporting Goods > NCAA > Big East > Syracuse University	1311
Sporting Goods > NCAA > Big East > University of Cincinnati	1312
Sporting Goods > NCAA > Big East > University of Connecticut	1313
Sporting Goods > NCAA > Big East > University of Louisville	1314
Sporting Goods > NCAA > Big East > University of Pittsburgh	1315
Sporting Goods > NCAA > Big East > University of South Florida	1316
Sporting Goods > NCAA > Big East > West Virginia University	1317
Sporting Goods > NCAA > Big Ten > Indiana University	1318
Sporting Goods > NCAA > Big Ten > Michigan State University	1319
Sporting Goods > NCAA > Big Ten > Northwestern University	1320
Sporting Goods > NCAA > Big Ten > Ohio State University	1321
Sporting Goods > NCAA > Big Ten > Pennsylvania State University	1322
Sporting Goods > NCAA > Big Ten > Purdue University	1323
Sporting Goods > NCAA > Big Ten > University of Illinois	1324
Sporting Goods > NCAA > Big Ten > University of Iowa	1325
Sporting Goods > NCAA > Big Ten > University of Michigan	1326
Sporting Goods > NCAA > Big Ten > University of Minnesota	1327
Sporting Goods > NCAA > Big Ten > University of Wisconsin	1328
Sporting Goods > NCAA > Big Twelve > Baylor University	1329
Sporting Goods > NCAA > Big Twelve > Iowa State University	1330
Sporting Goods > NCAA > Big Twelve > Kansas State University	1331
Sporting Goods > NCAA > Big Twelve > Oklahoma State University	1332
Sporting Goods > NCAA > Big Twelve > Texas A&M University	1333
Sporting Goods > NCAA > Big Twelve > Texas Tech University	1334
Sporting Goods > NCAA > Big Twelve > University of Colorado	1335
Sporting Goods > NCAA > Big Twelve > University of Kansas	1336
Sporting Goods > NCAA > Big Twelve > University of Missouri	1337
Sporting Goods > NCAA > Big Twelve > University of Nebraska	1338
Sporting Goods > NCAA > Big Twelve > University of Oklahoma	1339
Sporting Goods > NCAA > Big Twelve > University of Texas	1340
Sporting Goods > NCAA > Independents > Military Academy	1341
Sporting Goods > NCAA > Independents > Naval Academy	1342
Sporting Goods > NCAA > Independents > University of Notre Dame	1343
Sporting Goods > NCAA > Independents > Western Kentucky University	1344
Sporting Goods > NCAA > Mid-American > Ball State University	1345
Sporting Goods > NCAA > Mid-American > Bowling Green State University	1346
Sporting Goods > NCAA > Mid-American > Central Michigan University	1347
Sporting Goods > NCAA > Mid-American > Eastern Michigan University	1348
Sporting Goods > NCAA > Mid-American > Kent State University	1349
Sporting Goods > NCAA > Mid-American > Miami University, Ohio	1350
Sporting Goods > NCAA > Mid-American > Northern Illinois University	1351
Sporting Goods > NCAA > Mid-American > Ohio University	1352
Sporting Goods > NCAA > Mid-American > Temple University	1353
Sporting Goods > NCAA > Mid-American > University at Buffalo	1354
Sporting Goods > NCAA > Mid-American > University of Akron	1355
Sporting Goods > NCAA > Mid-American > University of Toledo	1356
Sporting Goods > NCAA > Mid-American > Western Michigan University	1357
Sporting Goods > NCAA > Mountain West > Air Force Academy	1358
Sporting Goods > NCAA > Mountain West > Brigham Young University	1359
Sporting Goods > NCAA > Mountain West > Colorado State University	1360
Sporting Goods > NCAA > Mountain West > San Diego State University	1361
Sporting Goods > NCAA > Mountain West > Texas Christian University	1362
Sporting Goods > NCAA > Mountain West > University of Nevada, Las Vegas	1363
Sporting Goods > NCAA > Mountain West > University of New Mexico	1364
Sporting Goods > NCAA > Mountain West > University of Utah	1365
Sporting Goods > NCAA > Mountain West > University of Wyoming	1366
Sporting Goods > NCAA > Pacific-10 > Arizona State University	1367
Sporting Goods > NCAA > Pacific-10 > Oregon State University	1368
Sporting Goods > NCAA > Pacific-10 > Stanford University	1369
Sporting Goods > NCAA > Pacific-10 > University of Arizona	1370
Sporting Goods > NCAA > Pacific-10 > University of California, Berkeley	1371
Sporting Goods > NCAA > Pacific-10 > University of California, Los Angeles	1372
Sporting Goods > NCAA > Pacific-10 > University of Oregon	1373
Sporting Goods > NCAA > Pacific-10 > University of Southern California	1374
Sporting Goods > NCAA > Pacific-10 > University of Washington	1375
Sporting Goods > NCAA > Pacific-10 > Washington State University	1376
Sporting Goods > NCAA > Southeastern > Auburn University	1377
Sporting Goods > NCAA > Southeastern > Louisiana State University	1378
Sporting Goods > NCAA > Southeastern > Mississippi State University	1379
Sporting Goods > NCAA > Southeastern > University of Alabama	1380
Sporting Goods > NCAA > Southeastern > University of Arkansas	1381
Sporting Goods > NCAA > Southeastern > University of Florida	1382
Sporting Goods > NCAA > Southeastern > University of Georgia	1383
Sporting Goods > NCAA > Southeastern > University of Kentucky	1384
Sporting Goods > NCAA > Southeastern > University of Mississippi	1385
Sporting Goods > NCAA > Southeastern > University of South Carolina	1386
Sporting Goods > NCAA > Southeastern > University of Tennessee	1387
Sporting Goods > NCAA > Southeastern > Vanderbilt University	1388
Sporting Goods > NCAA > Western Athletic > Boise State University	1389
Sporting Goods > NCAA > Western Athletic > California State University, Fresno	1390
Sporting Goods > NCAA > Western Athletic > Louisiana Tech University	1391
Sporting Goods > NCAA > Western Athletic > New Mexico State University	1392
Sporting Goods > NCAA > Western Athletic > San Jose State University	1393
Sporting Goods > NCAA > Western Athletic > University of Hawaii	1394
Sporting Goods > NCAA > Western Athletic > University of Idaho	1395
Sporting Goods > NCAA > Western Athletic > University of Nevada, Reno	1396
Sporting Goods > NCAA > Western Athletic > Utah State University	1397
Sporting Goods > Outdoor Games > Badminton	1398
Sporting Goods > Outdoor Games > Croquet	1399
Sporting Goods > Outdoor Games > Others	1400
Sporting Goods > Outdoor Games > Trampoline	1401
Sporting Goods > Outdoor Games > Volleyball	1402
Sporting Goods > Paintball & Airsoft > Accessories	1403
Sporting Goods > Paintball & Airsoft > Airsoft	1404
Sporting Goods > Paintball & Airsoft > Goggles/Masks	1405
Sporting Goods > Paintball & Airsoft > Markers	1406
Sporting Goods > Paintball & Airsoft > Paintballs	1407
Sporting Goods > Racquetball & Squash > Accessories	1408
Sporting Goods > Racquetball & Squash > Eyewear	1409
Sporting Goods > Racquetball & Squash > Racquets	1410
Sporting Goods > Roller & Inline Skating > Helmets	1411
Sporting Goods > Roller & Inline Skating > Parts & Accessories	1412
Sporting Goods > Roller & Inline Skating > Skates	1413
Sporting Goods > Skateboarding > Boards	1414
Sporting Goods > Skateboarding > Helmets	1415
Sporting Goods > Skateboarding > Parts & Accessories	1416
Sporting Goods > Skiing > Accessories	1417
Sporting Goods > Skiing > Bags	1418
Sporting Goods > Skiing > Bindings	1419
Sporting Goods > Skiing > Boots	1420
Sporting Goods > Skiing > Gloves	1421
Sporting Goods > Skiing > Helmets	1422
Sporting Goods > Skiing > Poles	1423
Sporting Goods > Skiing > Skis	1424
Sporting Goods > Snowboarding > Accessories	1425
Sporting Goods > Snowboarding > Bags	1426
Sporting Goods > Snowboarding > Bindings	1427
Sporting Goods > Snowboarding > Boots	1428
Sporting Goods > Snowboarding > Gloves	1429
Sporting Goods > Snowboarding > Goggles/Facemask	1430
Sporting Goods > Snowboarding > Helmets	1431
Sporting Goods > Snowboarding > Snowboards	1432
Sporting Goods > Snowboarding > Snowshoes	1433
Sporting Goods > Soccer > Accessories	1434
Sporting Goods > Soccer > Balls	1435
Sporting Goods > Soccer > Clothing	1436
Sporting Goods > Soccer > Goals	1437
Sporting Goods > Soccer > Memorabilia	1438
Sporting Goods > Soccer > Shin Guards	1439
Sporting Goods > Sport Accessories > Bags	1440
Sporting Goods > Sport Accessories > Mouth Guards	1441
Sporting Goods > Sport Accessories > Protective Gear	1442
Sporting Goods > Sport Accessories > Rails & Ramps	1443
Sporting Goods > Sport Accessories > Stop Watches & Timers	1444
Sporting Goods > Sports Clothing > Headwear	1445
Sporting Goods > Sports Clothing > Jackets	1446
Sporting Goods > Sports Clothing > Pants	1447
Sporting Goods > Sports Clothing > Shirts	1448
Sporting Goods > Sports Clothing > Shorts	1449
Sporting Goods > Sports Clothing > Sweatshirts	1450
Sporting Goods > Sports Clothing > Underwear	1451
Sporting Goods > Tennis > Accessories	1452
Sporting Goods > Tennis > Clothing	1453
Sporting Goods > Tennis > Court Equipment	1454
Sporting Goods > Tennis > Racquets	1455
Sporting Goods > Tennis > Tennis Balls	1456
Sporting Goods > Track & Field > Discus	1457
Sporting Goods > Track & Field > Hurdles	1458
Sporting Goods > Track & Field > Javelin	1459
Sporting Goods > Track & Field > Shots	1460
Sporting Goods > Track & Field > Vaulting	1461
Sporting Goods > Water Sports > Boating	1462
Sporting Goods > Water Sports > Boating Accessories	1463
Sporting Goods > Water Sports > Scuba Diving & Snorkeling Accessories	1464
Sporting Goods > Water Sports > Scuba Diving & Snorkeling Gear	1465
Sporting Goods > Water Sports > Surfing	1466
Sporting Goods > Water Sports > Swimming Accessories	1467
Sporting Goods > Water Sports > Swimwear & Wetsuits	1468
Sporting Goods > Water Sports > Wakeboarding	1469
Sporting Goods > Water Sports > Waterskiing	1470
Toys > Toys > Action Figures	1471
Toys > Toys > Arts & Crafts	1472
Toys > Toys > Bikes, Scooters & More	1473
Toys > Toys > Building Sets, Blocks & Models	1474
Toys > Toys > Dolls	1475
Toys > Toys > Educational Toys	1476
Toys > Toys > Electronics	1477
Toys > Toys > Furniture	1478
Toys > Toys > Games & Puzzles	1479
Toys > Toys > Kids Costumes	1480
Toys > Toys > Party Supplies	1481
Toys > Toys > Playgrounds	1482
Toys > Toys > Pretend Play Toys	1483
Toys > Toys > R/C & Robotics	1484
Toys > Toys > Sports & Outdoors	1485
Toys > Toys > Stuffed Animals	1486
Toys > Toys > Vehicles & Die-Casts	1487
Video Games> Dreamcast> Consoles & Accessories	1488
Video Games> Dreamcast> Games	1489
Video Games> Game Boy Advance> Consoles & Accessories	1490
Video Games> Game Boy Advance> Games	1491
Video Games> Game Boy Color> Consoles & Accessories	1492
Video Games> Game Boy Color> Games	1493
Video Games> Game Boy> Consoles & Accessories	1494
Video Games> Game Boy> Games	1495
Video Games> Gamecube> Consoles & Accessories	1496
Video Games> Gamecube> Games	1497
Video Games> N-Gage> Consoles & Accessories	1498
Video Games> N-Gage> Games	1499
Video Games> Nintendo 64> Consoles & Accessories	1500
Video Games> Nintendo 64> Games	1501
Video Games> Nintendo DS> Consoles & Accessories	1502
Video Games> Nintendo DS> Games	1503
Video Games> Playstation 2> Consoles & Accessories	1504
Video Games> Playstation 2> Games	1505
Video Games> Playstation 3> Consoles & Accessories	1506
Video Games> Playstation 3> Games	1507
Video Games> Playstation> Consoles & Accessories	1508
Video Games> Playstation> Games	1509
Video Games> Sony PSP> Consoles & Accessories	1510
Video Games> Sony PSP> Games	1511
Video Games> Wii (343)> Consoles & Accessories	1512
Video Games> Wii (343)> Games	1513
Video Games> Xbox 360> Consoles & Accessories	1514
Video Games> Xbox 360> Games	1515
Video Games> Xbox> Consoles & Accessories	1516
Video Games> Xbox> Games	1517
